Metric,area
Mean Squared Error (MSE),10.32492894954301
Mean Absolute Error (MAE),2.3192828755519868
R^2 Score,0.9927999100770272
