Metric,sigma
Mean Squared Error (MSE),2.3390435386971813
Mean Absolute Error (MAE),0.8986722664921999
R^2 Score,0.7660956461302819
